Customer_ID,Customer_Name,Country,Region,Customer_Type
CUST001,Customer 001,USA,Central,E-commerce
CUST002,Customer 002,Canada,North,Retail
CUST003,Customer 003,USA,Central,E-commerce
CUST004,Customer 004,USA,South,Distributor
CUST005,Customer 005,USA,East,Retail
CUST006,Customer 006,Canada,North,Distributor
CUST007,Customer 007,USA,North,Distributor
CUST008,Customer 008,USA,Central,Retail
CUST009,Customer 009,Canada,East,Distributor
CUST010,Customer 010,USA,West,Wholesale
CUST011,Customer 011,Canada,Central,Retail
CUST012,Customer 012,Canada,West,E-commerce
CUST013,Customer 013,Canada,South,Retail
CUST014,Customer 014,Canada,West,E-commerce
CUST015,Customer 015,USA,Central,Retail
CUST016,Customer 016,USA,East,E-commerce
CUST017,Customer 017,USA,West,E-commerce
CUST018,Customer 018,Canada,South,Distributor
CUST019,Customer 019,Canada,Central,Wholesale
CUST020,Customer 020,USA,West,Retail
CUST021,Customer 021,Canada,West,Distributor
CUST022,Customer 022,Canada,North,Distributor
CUST023,Customer 023,Canada,South,Retail
CUST024,Customer 024,Canada,North,E-commerce
CUST025,Customer 025,Canada,North,Wholesale
CUST026,Customer 026,Canada,Central,E-commerce
CUST027,Customer 027,USA,North,Wholesale
CUST028,Customer 028,USA,West,Wholesale
CUST029,Customer 029,USA,West,E-commerce
CUST030,Customer 030,USA,West,Wholesale
CUST031,Customer 031,Canada,South,E-commerce
CUST032,Customer 032,Canada,Central,Distributor
CUST033,Customer 033,Canada,South,E-commerce
CUST034,Customer 034,USA,South,Distributor
CUST035,Customer 035,USA,Central,Distributor
CUST036,Customer 036,Canada,West,Wholesale
CUST037,Customer 037,Canada,West,Retail
CUST038,Customer 038,Canada,East,Distributor
CUST039,Customer 039,USA,East,Distributor
CUST040,Customer 040,USA,South,Retail
CUST041,Customer 041,USA,North,E-commerce
CUST042,Customer 042,Canada,North,Wholesale
CUST043,Customer 043,USA,Central,Distributor
CUST044,Customer 044,USA,North,E-commerce
CUST045,Customer 045,Canada,South,Retail
CUST046,Customer 046,USA,South,Distributor
CUST047,Customer 047,Canada,Central,Retail
CUST048,Customer 048,USA,Central,Distributor
CUST049,Customer 049,USA,West,E-commerce
CUST050,Customer 050,Canada,West,Retail
CUST051,Customer 051,USA,East,Retail
CUST052,Customer 052,Canada,North,Wholesale
CUST053,Customer 053,USA,North,E-commerce
CUST054,Customer 054,USA,North,Wholesale
CUST055,Customer 055,USA,East,Retail
CUST056,Customer 056,USA,Central,Wholesale
CUST057,Customer 057,Canada,North,Distributor
CUST058,Customer 058,USA,South,E-commerce
CUST059,Customer 059,Canada,South,E-commerce
CUST060,Customer 060,Canada,West,Distributor
CUST061,Customer 061,Canada,East,Wholesale
CUST062,Customer 062,Canada,East,Wholesale
CUST063,Customer 063,Canada,North,E-commerce
CUST064,Customer 064,USA,East,E-commerce
CUST065,Customer 065,USA,South,Retail
CUST066,Customer 066,Canada,Central,E-commerce
CUST067,Customer 067,USA,East,E-commerce
CUST068,Customer 068,USA,West,Wholesale
CUST069,Customer 069,Canada,West,Wholesale
CUST070,Customer 070,USA,Central,Retail
CUST071,Customer 071,USA,East,E-commerce
CUST072,Customer 072,Canada,East,E-commerce
CUST073,Customer 073,USA,Central,E-commerce
CUST074,Customer 074,USA,East,E-commerce
CUST075,Customer 075,USA,North,E-commerce
CUST076,Customer 076,USA,West,E-commerce
CUST077,Customer 077,Canada,West,E-commerce
CUST078,Customer 078,USA,West,Retail
CUST079,Customer 079,USA,East,Retail
CUST080,Customer 080,Canada,East,Retail
